<?xml version="1.0" encoding="UTF-8" ?>
<extension type="package" version="1.6">
<name>Alikonweb Zoombie 4 Joomla Package</name>
<packagename>Zoombie</packagename>
<version>1.1.0</version>
<url>http://www.alikonweb.it</url>
<packager>Alikon</packager>
<packagerurl>http://www.alikonweb.it</packagerurl>
<description>Joomla! Installer Alikonweb Zoombie Package.</description>
<update>http://http://www.alikonweb.it/packages/zoombie</update>
<files folder="packages">
<file type="plugin" id="zoombie" group="system">plg_system_zoombie.zip</file>
<file type="plugin" id="cleancache" group="zoombie">plg_zoombie_cleancache.zip</file>
<file type="plugin" id="dboptimize" group="zoombie">plg_zoombie_dboptimize.zip</file>
<file type="plugin" id="dbbackup" group="zoombie">plg_zoombie_dbbackup.zip</file>
<file type="plugin" id="filebackup" group="zoombie">plg_zoombie_filebackup.zip</file>
<file type="plugin" id="checksum" group="zoombie">plg_zoombie_checksum.zip</file>
<file type="plugin" id="jamss" group="zoombie">plg_zoombie_jamss.zip</file>
<file type="plugin" id="achivecontent" group="zoombie">plg_zoombie_archivecontent.zip</file>
<file type="plugin" id="indexer" group="zoombie">plg_zoombie_indexer.zip</file>
<file type="plugin" id="latestuser" group="zoombie">plg_zoombie_latestuser.zip</file>
<file type="plugin" id="latestarticle" group="zoombie">plg_zoombie_latestarticle.zip</file>
<file type="plugin" id="linkchecker" group="zoombie">plg_zoombie_linkchecker.zip</file>
<file type="plugin" id="update" group="zoombie">plg_zoombie_update.zip</file>
<file type="file" id="clizoombie">cli2zoombie.zip</file>
<file type="module" id="mod_zoombie">mod_zoombies.zip</file>
</files>
</extension>