<?xml version="1.0" encoding="utf-8"?>
<extension version="2.5" type="plugin" group="zoombie" method="upgrade" client="site">
    <name>Zoombie - LatestArticle</name>
    <author>alikon</author>
    <creationDate>April 2013</creationDate>
    <authorEmail>info@alikonweb.it</authorEmail>
    <authorUrl>http://www.alikonweb.it</authorUrl>
    <copyright>Copyright (C) 2012 Alikonweb</copyright>
    <license>http://www.gnu.org/licenses/gpl-2.0.html GNU/GPL</license>
    <version>1.1.1</version>
     <description><![CDATA[
     Zoombie plugin for schedule LatestArticle<br /><br />
     A Joomla Zoombie plugin - Help schedule checksum of Joomla site <br />
     - Need System - Zoombie Plugin enabled to work on webcron mode<br /><br /><br />
     <br />if you like our extension please vote for us on : <a href="http://extensions.joomla.org/extensions/owner/alikon" rel="nofollow" target="_blank" class="external">Joomla Extensions Directory</a>

	]]>
    </description>
    <files>
        <filename plugin="latestarticle">latestarticle.php</filename>
        <filename>index.html</filename>
    </files>
    <languages>
        <language tag="en-GB" client="site">language/en-GB/en-GB.plg_zoombie_latestarticle.ini</language>
        <language tag="en-GB">language/en-GB/en-GB.plg_zoombie_latestarticle.sys.ini</language>
    </languages>
    <config>
 
        <fields name="params">
            <fieldset name="Basic" label="Basic">
                <field name="last_run" type="hidden" default="1352101719" label="Admin advise" description="Send email to Admin on spam ">
                </field>
                <field name="interval" type="list" default="1440" label="Interval" description="When go alive">			
                    <option value="5" > 5 min</option>
                    <option value="10" >10 min</option>
                    <option value="20" >20 min</option>
                    <option value="30" >30 min</option>
                    <option value="60" > 1 hour</option>
                    <option value="120" > 2 hours</option>
                    <option value="180" > 3 hours</option>
                    <option value="240" > 4 hours</option>
                    <option value="360" > 6 hours</option>
                    <option value="720" > 12 hours</option>
                    <option value="1440" selected="selected" > 24 hours</option>			
                    <option value="2880" > 2 days</option>
                    <option value="10080" > 1 week</option>
                    <option value="20160" > 2 weeks</option>
                    <option value="40320" > 1 month</option>
                    <option value="80640" > 2 month</option>
                    <option value="120960" > 3 month</option>
                    <option value="161280" > 4 month</option>
                    <option value="241920" > 6 month</option>
                    <option value="483840" > 1 year</option>
                </field>                    
                
                <field name="sendmail" type="radio" label="Mail" default="0" description="Send mail when zoombie alive" >
                    <option value="0">JNO</option>
                    <option value="1">JYES</option>
                </field>  
                <field name="runned" type="hidden" default="0" label="runned" description="number of runned task" />	
                <field name="durata" type="hidden" default="0" label="durata" description="runned task times" />	

            </fieldset>
            <fieldset
                name="advanced">
                <field
                    name="catid"
                    type="category"
                    extension="com_content"
                    multiple="true"
                    size="10"
                    default=""
                    label="JCATEGORY"
                    description="MOD_LATEST_NEWS_FIELD_CATEGORY_DESC" >
                    <option value="">JOPTION_ALL_CATEGORIES</option>
                </field>
                <field
                    name="count"
                    type="text"
                    default="5"
                    label="MOD_LATEST_NEWS_FIELD_COUNT_LABEL"
                    description="MOD_LATEST_NEWS_FIELD_COUNT_DESC" />

                <field
                    name="show_featured"
                    type="list"
                    default=""
                    label="MOD_LATEST_NEWS_FIELD_FEATURED_LABEL"
                    description="MOD_LATEST_NEWS_FIELD_FEATURED_DESC">
                    <option
                        value="">JSHOW
                    </option>
                    <option
                        value="0">JHIDE
                    </option>
                    <option
                        value="1">MOD_LATEST_NEWS_VALUE_ONLY_SHOW_FEATURED
                    </option>
                </field>

                <field
                    name="ordering"
                    type="list"
                    default="published"
                    label="MOD_LATEST_NEWS_FIELD_ORDERING_LABEL"
                    description="MOD_LATEST_NEWS_FIELD_ORDERING_DESC">
                    <option
                        value="c_dsc">MOD_LATEST_NEWS_VALUE_RECENT_ADDED
                    </option>
                    <option
                        value="m_dsc">MOD_LATEST_NEWS_VALUE_RECENT_MODIFIED
                    </option>
                    <option
                        value="p_dsc">MOD_LATEST_NEWS_VALUE_RECENT_PUBLISHED
                    </option>
                    <option
                        value="mc_dsc">MOD_LATEST_NEWS_VALUE_RECENT_TOUCHED
                    </option>
                </field>

                <field
                    name="user_id"
                    type="list"
                    default="0"
                    label="MOD_LATEST_NEWS_FIELD_USER_LABEL"
                    description="MOD_LATEST_NEWS_FIELD_USER_DESC">
                    <option
                        value="0">MOD_LATEST_NEWS_VALUE_ANYONE
                    </option>
                    <option
                        value="by_me">MOD_LATEST_NEWS_VALUE_ADDED_BY_ME
                    </option>
                    <option
                        value="not_me">MOD_LATEST_NEWS_VALUE_NOTADDED_BY_ME
                    </option>
                </field>

                
            </fieldset>
        </fields>
    </config>
    <updateservers>
        <server type="extension" priority="1" name="Zoombie - LatestArticle">http://www.joomladdons.eu/update/plg_zoombie_latestarticle_update.xml</server>
    </updateservers>
</extension>